car_id,risk_score,km_since_service,avg_daily_km,load_factor,broke_down
VOS-1822,86.9,13977,200,0.98,1
VOS-1728,83.8,13882,244,0.71,1
VOS-1259,83.5,12556,229,0.88,1
VOS-1217,80.3,15657,164,0.79,0
VOS-1505,73.7,14984,160,0.67,1
VOS-1032,72.2,16296,134,0.62,0
VOS-1098,69.4,12132,172,0.74,1
VOS-1162,68.6,11039,187,0.75,0
VOS-1471,68.3,11396,177,0.75,1
VOS-1082,68.1,14176,173,0.52,1
VOS-1755,67.7,12684,177,0.62,1
VOS-1831,67.7,14122,159,0.57,1
VOS-1224,67.3,13380,186,0.51,1
VOS-1594,65.8,10500,183,0.73,0
VOS-1707,65.6,12747,168,0.59,1
VOS-1580,65.2,5194,229,0.98,0
VOS-1130,64.6,15185,118,0.56,0
VOS-1525,63.7,11134,179,0.63,1
VOS-1643,63.3,7605,223,0.74,0
VOS-1366,62.9,14890,124,0.51,1
VOS-1390,62.9,15128,121,0.5,0
VOS-1309,61.7,5561,223,0.87,1
VOS-1073,60.9,14513,115,0.52,1
VOS-1137,60.5,10454,154,0.7,0
VOS-1300,60.2,13920,130,0.49,1
VOS-1464,60.1,12879,146,0.51,0
VOS-1395,58.3,8847,179,0.67,0
VOS-1534,57.6,14027,119,0.45,0
VOS-1649,57.3,4306,218,0.87,0
VOS-1767,57.3,6262,209,0.74,0
VOS-1448,56.4,1700,240,0.98,0
VOS-1206,55.3,10989,130,0.6,1
VOS-1182,55.2,11150,140,0.54,0
VOS-1114,55.1,10291,150,0.57,0
VOS-1493,55.0,13813,124,0.37,1
VOS-1457,54.1,13421,128,0.36,1
VOS-1235,53.9,2713,225,0.88,0
VOS-1521,53.6,13844,97,0.44,1
VOS-1337,53.1,14108,104,0.37,0
VOS-1664,53.1,12057,128,0.45,0
VOS-1213,53.1,11576,140,0.44,0
VOS-1168,52.6,9057,127,0.7,0
VOS-1813,51.6,15135,77,0.35,0
VOS-1548,51.3,12607,111,0.42,0
VOS-1512,50.9,15921,80,0.25,1
VOS-1359,50.6,10814,117,0.53,1
VOS-1633,50.2,12404,112,0.4,0
VOS-1616,50.1,7002,162,0.66,0
VOS-1582,50.1,10316,131,0.5,0
VOS-1741,48.2,8769,138,0.55,0
VOS-1333,48.0,11615,118,0.38,0
VOS-1685,48.0,13759,95,0.29,0
VOS-1834,47.9,5670,162,0.71,0
VOS-1778,46.6,2719,195,0.79,0
VOS-1020,46.3,11823,92,0.42,0
VOS-1433,46.2,13270,83,0.33,0
VOS-1791,45.9,8983,146,0.43,0
VOS-1326,45.9,3960,212,0.59,0
VOS-1689,45.7,8372,157,0.43,0
VOS-1349,45.4,1086,204,0.86,1
VOS-1285,45.4,8360,124,0.56,0
VOS-1609,45.0,5211,168,0.64,0
VOS-1760,45.0,906,212,0.83,0
VOS-1697,45.0,6008,149,0.65,0
VOS-1315,44.5,5653,167,0.59,0
VOS-1038,44.4,5116,177,0.59,1
VOS-1425,43.9,10768,128,0.29,0
VOS-1562,43.8,1926,201,0.75,0
VOS-1189,43.5,2921,195,0.68,0
VOS-1656,43.5,6850,154,0.51,0
VOS-1541,43.4,11193,80,0.44,0
VOS-1024,42.8,12048,103,0.25,0
VOS-1000,42.6,3507,172,0.7,0
VOS-1379,42.3,6744,131,0.58,1
VOS-1714,41.3,8362,119,0.46,0
VOS-1705,40.8,5536,148,0.57,0
VOS-1305,40.7,7519,130,0.47,0
VOS-1447,40.5,10994,85,0.35,0
VOS-1599,38.9,5824,148,0.49,1
VOS-1096,38.2,11807,76,0.25,0
VOS-1811,38.0,4455,132,0.65,0
VOS-1048,36.8,1989,165,0.69,0
VOS-1773,36.7,566,196,0.68,0
VOS-1276,36.7,12110,59,0.25,0
VOS-1497,36.5,3083,152,0.64,0
VOS-1558,35.3,11642,59,0.25,0
VOS-1241,35.3,3755,156,0.53,0
VOS-1437,35.1,2967,161,0.57,0
VOS-1251,34.7,11763,52,0.25,0
VOS-1196,33.7,6383,114,0.43,0
VOS-1143,33.4,11216,54,0.25,0
VOS-1067,33.1,8686,81,0.35,0
VOS-1665,32.9,2740,155,0.55,0
VOS-1175,32.4,5872,106,0.47,0
VOS-1084,32.4,7599,89,0.39,0
VOS-1051,31.2,2977,136,0.56,0
VOS-1404,30.9,5885,116,0.38,0
VOS-1746,30.7,3264,136,0.52,0
VOS-1124,30.6,2478,154,0.51,0
VOS-1788,30.5,3849,137,0.46,0
VOS-1479,30.4,6258,86,0.46,0
VOS-1160,29.8,5832,98,0.43,0
VOS-1408,29.0,1183,146,0.61,0
VOS-1573,28.1,5412,118,0.33,0
VOS-1419,27.5,8931,60,0.25,0
VOS-1801,26.6,4319,147,0.26,0
VOS-1258,26.5,1419,133,0.57,0
VOS-1007,25.6,2672,110,0.53,0
VOS-1287,24.5,729,140,0.54,0
VOS-1352,24.4,5749,76,0.37,0
VOS-1603,24.3,4520,91,0.41,0
VOS-1107,20.6,4165,94,0.32,0
VOS-1626,19.7,5341,80,0.25,0
VOS-1486,19.2,2798,93,0.4,0
VOS-1722,18.3,2866,100,0.34,0
VOS-1371,17.1,6354,40,0.25,0
VOS-1060,12.4,3376,69,0.25,0
VOS-1267,10.4,578,106,0.28,0
VOS-1149,9.0,3603,40,0.25,0
VOS-1672,8.5,1180,75,0.3,0
